sim_time,clean_position,clean_velocity,dirty_position,dirty_velocity
0.096,-0.030040217626460072,6.28,-0.08665729017607471,6.470407434017457
0.128,-0.030040217626460072,6.28,-0.10903531671929205,6.6682974763442475
0.16,-0.0232309151264599,6.28,0.07579189765054167,6.437881902907248
0.192,-0.0162154863764596,6.28,-0.05272786807350264,6.067059862262186
0.224,-0.009440916376459902,6.28,-0.1697545708885229,6.320288576925424
0.256,-0.0030542201264591624,6.28,-0.4301911134517128,6.4117264944931485
0.28800000000000003,0.003597342373539712,6.28,-0.3279083437541782,6.807359138947528
0.32,0.010344563623539992,6.28,0.16410126770924247,6.31800013772856
0.352,0.017361683623540708,6.28,-0.13042252420633135,6.344285702961731
0.384,0.024010853623539996,6.28,-0.09550338772782382,6.2962891879249545
0.41600000000000004,0.03068745487354037,6.28,0.09598475567164212,6.38338557714912
0.448,0.03731393737354066,6.28,0.18236714738024923,6.537886036865648
0.48,0.05091072112354076,6.28,0.21752724993700687,6.031969799944449
0.512,0.057260663623539564,6.28,0.19941121312730217,6.206217504385922
0.544,0.057260663623539564,6.28,0.1609420528333283,6.1963513791619675
0.5760000000000001,0.06379297237354033,6.28,0.0029739722989423623,6.365912013191863
0.608,0.07031500987353982,6.28,0.08201239914273148,6.267857827489382
0.64,0.07701446362354065,6.28,0.40377478867393884,6.441171522013969
0.672,0.0836112461235409,6.28,-0.34654025389447063,6.232540958593892
0.704,0.09038911612353977,6.28,-0.1134443549036692,6.258703228428788
0.736,0.09694889737354058,6.28,0.08907646190160792,6.600008309987689
0.768,0.10353623362353935,6.28,0.553166934772993,5.858159168562737
0.8,0.11048025862354079,6.28,0.23844408727943062,6.703815416854185
0.8320000000000001,0.11664832987354012,6.28,0.20611463216398354,6.428937848771891
0.864,0.12366524362354042,6.28,0.11540830086667138,6.153874904147598
0.896,0.13043040862353947,6.28,0.2803632714260056,6.215285901680415
0.928,0.13690810237353931,6.28,-0.2088532048476993,6.459616390242821
0.96,0.1434499811235403,6.28,-0.1587455215509571,6.558505051425294
0.992,0.15024711487354023,6.28,0.17778634522405157,6.667696531209926
1.024,0.15714757987354097,6.28,0.1020759831821483,6.162132521634099
1.056,0.1641622661235394,6.28,0.2734590451502932,6.3918266648355795
1.088,0.1706485398735401,6.28,-0.012957353578077951,5.936747896113
1.12,0.1773748473735397,6.28,0.21375685793071386,6.228897892164143
1.1520000000000001,0.1836251711235396,6.28,0.3001637908686613,6.232567372493849
1.184,0.19018132237354018,6.28,0.16934564647041483,6.163888693863358
1.216,0.19674135112354038,6.28,0.4376406931837069,6.46546006134503
1.248,0.20322943987354025,6.28,0.22876755815028266,6.143297338814629
1.28,0.21003267862353978,6.28,0.13984403955081912,6.250495899527571
1.312,0.2164991523735398,6.28,0.3236473115104994,6.393249569649034
1.344,0.22307786737354066,6.28,0.44116611688894347,6.485572887746931
1.3760000000000001,0.2298058661235407,6.28,0.5228783498027163,6.089628535937659
1.408,0.23663014237353966,6.28,0.40421924787783137,6.353855564693804
1.44,0.24304043362354086,6.28,0.007947947631064572,6.650959792173006
1.472,0.24972718237354,6.28,0.34544179050223883,6.311516128103006
1.504,0.2567244198735403,6.28,0.3029447269763016,6.022724169897487
1.536,0.26336682487353974,6.28,0.19051460542284204,6.302267334887145
1.568,0.2697071148735404,4.73112993092577,0.6317217517268557,4.583023610869296
1.6,0.2763398673735398,6.28,0.0008368063223514466,6.577617467146646
1.6320000000000001,0.28117086112354034,6.28,0.21318911586997835,6.627574317113538
1.6640000000000001,0.28809170362354025,6.28,0.11793675473515475,6.105100419789845
1.696,0.2950643561235407,6.28,0.10293723166582103,6.14834068309965
1.728,0.30149077612353964,6.28,-0.059171566582312096,6.4167555471657955
1.76,0.3079625711235403,6.0955463160766765,0.5976113420980831,6.4410518536133825
1.792,0.3147151548735402,6.28,0.3289310713747319,6.448724398647002
1.824,0.3214930248735409,6.28,0.20435608421646245,6.259845930526786
1.856,0.3282787736235396,6.28,0.2903352670353816,6.467330901104592
1.8880000000000001,0.3348670998735396,6.28,0.22707406370943872,6.110586510046487
1.92,0.3416724423735404,6.28,0.5263506987055886,6.225576429207685
1.952,0.34810484362354016,6.28,0.5722487177931821,6.621162551936982
1.984,0.3546574473735403,6.28,0.4262430107712252,6.223057318053397
2.016,0.3616233348735391,6.28,0.5155149160349651,6.307112749950591
2.048,0.36817321612354054,6.28,0.2920822181255897,6.688505770793149
2.08,0.37481116612354004,6.28,0.558020710702785,6.295138866718842
2.112,0.38182824487353995,6.28,0.06273111626894712,6.438294312805366
2.144,0.38845344862354064,6.28,0.3467909726218494,6.221609965142663
2.176,0.39522830737354053,6.28,0.3222277278022333,6.363848078682861
2.208,0.40177678612353984,6.28,0.40551132683656943,6.21293580788033
2.24,0.4084740536235396,6.28,0.33885460111881566,6.023804126632308
2.2720000000000002,0.41501341612354037,6.28,0.5168532918779096,6.343743799669688
2.3040000000000003,0.4213548198735392,6.28,0.5754178447415268,6.352144746974829
2.336,0.42803096737353974,6.28,0.27479603172596057,6.131453256494245
2.368,0.4411702061235395,5.675415094533038,0.4428335408057438,5.936076254159285
2.4,0.4411702061235395,6.28,0.46960486137015345,6.154320822519943
2.432,0.4474198698735392,6.28,-0.002937813852854465,6.099382313870673
2.464,0.45389785237353925,-0.45678599347307447,0.7614196498368269,-0.5625998503796537
2.496,0.46031849737353964,5.08997050799084,0.622750737300229,4.982061050806194
2.528,0.45972441487354077,6.28,0.4134357332670779,6.214962905584062
2.56,0.4649747973735395,-6.28,0.9199792568041536,-6.376572427295648
2.592,0.47151646987354007,6.28,0.36650312898787973,6.423843024024695
2.624,0.46480538362354046,6.28,0.39151333285302153,6.220171005744869
2.656,0.47156584612354013,6.28,0.22935590401540978,6.09192503727727
2.688,0.4781127161235407,6.28,0.25624327220088083,6.370500362642112
2.72,0.48452552362354023,6.28,0.3588397896370576,6.322993050099699
2.7520000000000002,0.4912297623735402,-4.912212469709942,0.8728053117427486,-5.167861027766414
2.7840000000000003,0.4978841298735395,6.28,0.24584141976690532,6.178747855687652
2.816,0.49243879987353967,6.28,0.3451191279375234,6.161528181239193
2.848,0.49894297612354016,6.28,0.32640569206155745,6.243837248925603
2.88,0.5054285898735407,6.28,0.5864066194626298,6.130257100824974
2.912,0.5120003748735402,2.4491509667757327,0.6887712258306067,2.194650449733557
2.944,0.5184533186235406,6.28,0.3776843424316474,6.238024206413908
2.976,0.5207698361235408,3.871397252819664,0.6532150686795084,4.006883741027514
3.008,0.5273358048735391,6.28,0.5073824526146138,6.28087117239891
3.04,0.53156116612354,3.6132256920163197,0.659669357699592,3.84672591858165
3.072,0.5381718911235407,-6.202795989306571,0.9050698997326643,-6.179027006466965
3.104,0.5422288286235399,-1.457887186763811,0.7864471796690953,-1.6639802012000424
3.136,0.5357243223735403,6.28,0.2734713167661511,6.404687106119002
3.168,0.5339676086235402,6.28,0.4008163596470977,6.393035982858251
3.2,0.5407082298735403,3.602978806182673,0.6599255298454332,3.5997935414257047
3.232,0.5474361048735397,6.28,0.3676199852378137,6.257474990126753
3.2640000000000002,0.5512331261235396,6.28,0.49305613969072887,6.521746985861437
3.2960000000000003,0.5578192248735396,-0.5168505468934015,0.762921263672335,-0.41132065211208413
3.3280000000000003,0.5646813686235406,6.28,0.4456135755831107,6.079594176762143
3.36,0.5642470473735407,6.28,0.30918153131462134,6.333438805195872
3.392,0.5706476036235402,6.28,0.3873839932052126,6.342470722450335
3.424,0.5839876061235405,3.4541186367235976,0.46960893812802496,3.432486816817893
3.456,0.5839876061235405,6.28,0.4836090112747388,6.412136075666528
3.488,0.5876085723735404,-2.662319011134806,0.8165579752783702,-2.6201002225471353
3.52,0.5915912598735396,-2.127822359849567,0.7646502780937162,-1.9945370296828095
3.552,0.5915912598735396,6.28,0.4801101554979693,6.084772567878409
3.584,0.5894857361235403,5.588942356628279,0.610276441084293,5.479712776558268
3.616,0.59589177862354,3.8824164258394056,0.6529395893540149,4.2499036471951
3.648,0.6016637673735395,4.697623789610343,0.6325594052597414,4.337507319899075
3.68,0.6061446723735395,6.28,0.5809664006964963,5.791919360671448
3.712,0.6107176886235405,3.4761419534923954,0.6630964511626901,3.3939915733357493
3.744,0.616816583623541,-6.28,1.0027283310001607,-6.30465390536033
3.7760000000000002,0.6203970836235407,6.28,0.5692507402312491,6.207581766297944
3.8080000000000003,0.6137611548735409,-2.234606804591781,0.8058651701147945,-2.219337301132831
3.84,0.6202956911235398,-0.530189234061349,0.7632547308515337,-0.234969009947663
3.872,0.617952979873541,6.28,0.4728041771696589,5.8808758076923455
3.904,0.61770486112354,-3.317937370720969,0.8329484342680242,-3.2493517086199595
3.936,0.6238974761235402,-3.939505315319769,0.8484876328829942,-3.568741338020045
3.968,0.62046906487354,6.28,0.45811122154960027,6.301959258590696
4.0,0.6167044661235408,6.28,0.15988185871367366,6.198824749500275
4.032,0.6233376723735401,6.28,0.4721152233267518,6.168471814441845
4.064,0.6298626798735396,6.28,0.5343155497251104,6.129283332133754
4.096,0.6363554298735399,-0.06021080516155575,0.7515052701290389,-0.23550843721578837
4.128,0.6428071361235397,0.18104408112678883,0.7454738979718303,0.15075173098711972
4.16,0.6425584398735401,1.0900276937598274,0.7227493076560043,1.2899213264419715
4.192,0.6427176236235406,-6.28,0.9105410276068194,-6.326352969585982
4.224,0.6440795748735394,5.157337941943472,0.6210665514514132,5.232225229811997
4.256,0.6374210411235403,-5.226536986931185,0.8806634246732796,-5.340970280623992
4.288,0.6429338973735393,-2.5527938611656564,0.8138198465291414,-2.3926977629274786
4.32,0.6373071086235409,6.28,0.43231463693714145,6.182700844123931
4.352,0.6347817011235409,6.28,0.45790139733536517,6.349540149202024
4.384,0.6412900436235394,6.28,0.3729201264247612,6.088533885468528
4.416,0.6479723786235393,5.886504749075541,0.6028373812731115,6.027498538222601
4.448,0.6607269611235395,6.28,0.5780582395193743,6.396314685682851
4.48,0.6607269611235395,4.945428345145491,0.6263642913713627,5.196257324367519
4.5120000000000005,0.6674580536235402,1.411936138792682,0.714701596530183,1.1963547580620368
4.5440000000000005,0.6729325061235396,5.885955423542373,0.6028511144114407,5.7193268290648485
4.5760000000000005,0.6741957048735402,-6.28,0.9211630203537126,-6.169799050783177
4.6080000000000005,0.6802189061235395,6.28,0.48075645699080993,6.053277227807768
4.64,0.6737240111235409,-0.07277127027367936,0.751819281756842,-0.04603429363675331
4.672,0.6800970536235394,1.9222563625358013,0.701943590936605,2.1039780219594113
4.704,0.6800484611235402,1.1178067208285025,0.7220548319792874,1.34521618169601
4.736,0.6822694436235397,6.28,0.19585926948254778,6.383375292947501
4.768,0.6836898048735393,-1.045654010217154,0.7761413502554289,-1.3193096451279906
4.8,0.6904079036235399,-6.28,1.0022151148754874,-6.277067339523699
4.832,0.6890148911235398,-5.7782242585221955,0.8944556064630549,-5.9012734107422915
4.864,0.6824077961235393,1.0989926163273456,0.7225251845918164,0.934786175276705
4.896,0.6761945973735395,6.28,0.5011674694869279,6.345069990357785
4.928,0.6771816686235395,6.28,0.5685957182395078,6.2410718153952285
4.96,0.6838599198735394,-6.28,0.9422684652306559,-6.743964874231197
4.992,0.6904286523735411,6.28,0.49829911590863013,6.42665972517677
5.024,0.6834108311235394,6.28,0.5578228077423676,6.018471610776671
5.056,0.6901741811235411,4.7755980074789495,0.6306100498130263,4.839089725813661
5.088,0.6965100161235399,4.128158182243107,0.6467960454439223,4.28690691863483
5.12,0.7016098361235398,-6.28,0.9300752763763837,-6.461070460149041
5.152,0.7061297223735398,-3.4388440901459605,0.835971102253649,-3.3529803310825534
5.184,0.6993303198735409,3.8373128520655753,0.6540671786983606,4.062853989579529
5.216,0.6957929261235402,-5.167792541066678,0.879194813526667,-5.648862637396693
5.248,0.7000776048735394,0.6946153504874353,0.7326346162378141,0.7616206092691136
5.28,0.6941280348735408,6.28,0.5203199474070169,6.0915844136827175
5.312,0.6949322861235409,-0.45521956308511413,0.7613804890771279,-0.44883645376443043
5.344,0.7013453411235397,-6.28,0.9850062457402692,-6.307696170653257
5.376,0.7008713786235397,-6.28,1.1527483181121703,-6.404379223861512
5.408,0.6942323148735402,-6.28,1.0447631910894195,-6.210672175802121
5.44,0.6874927661235412,6.28,0.3432050870357005,6.449592073832446
5.472,0.6809558373735408,6.28,0.4935511746616795,6.01561800488332
5.5040000000000004,0.6877433598735397,2.96760290216036,0.675809927445991,2.9941388321266036
5.5360000000000005,0.69407676112354,-4.131553905109673,0.8532888476277418,-4.238837456402306
5.5680000000000005,0.6972360986235395,2.1113751367204303,0.6972156215819892,2.329087178698059
5.6000000000000005,0.6927663723735404,6.28,0.4925613211261439,6.4172890663749875
5.632,0.6952248311235396,0.45117118967006764,0.7387207202582483,0.4810528274537208
5.664,0.701978322373541,-6.28,0.9857526575399375,-6.398574482051983
5.696,0.7024863161235405,-6.28,0.9492494339181462,-6.613732491209501
5.728,0.69575217112354,-0.3208028223293491,0.7580200705582337,-0.23103647481097223
5.76,0.6887938736235408,6.28,0.5803279099536709,6.212383141807451
5.792,0.6885499211235396,6.28,0.5260154680300926,6.016209149636949
5.824,0.6950892423735395,6.28,0.5179920066174802,6.267438694347128
5.856,0.7080193023735394,6.28,0.6495300675225687,6.289926788934122
5.888,0.7080193023735394,3.2843489543809845,0.6678912761404754,3.1775924503288984
5.92,0.7146390611235407,3.791392668263054,0.6552151832934237,3.941568865206074
5.952,0.71799161362354,-4.187905880901508,0.8546976470225377,-4.3239834372050785
5.984,0.7221483761235405,-6.28,0.9747331911048351,-6.422815932177234
6.016,0.7175892198735403,-6.28,0.9442203521722305,-6.2555725844338355
6.048,0.7108301598735408,6.28,0.5350124540199619,6.185107147463553
6.08,0.7042464536235403,1.429108361575424,0.7142722909606144,1.5695236733947868
6.112,0.7107574361235396,6.28,0.5761207218399931,6.119234704234783
6.144,0.7124145311235408,6.28,0.4864592747749991,6.354048448824403
6.176,0.7188562548735395,-0.7533065337016875,0.7688326633425422,-0.7903366934305083
6.208,0.7255429623735398,4.209157672114774,0.6447710581971307,4.2122535186823695
6.24,0.7247083923735403,-3.5608663016579367,0.8390216575414484,-3.3697021245026857
6.272,0.7291499861235411,0.4133282025742657,0.7396667949356434,0.2206903228391679
6.304,0.7255948548735401,6.28,0.580208538618268,6.457475379559799
6.336,0.7258279173735407,-6.28,0.9371001156607777,-6.6109489874816845
6.368,0.7326236073735396,2.50455168621762,0.6873862078445595,2.6344912167963557
6.4,0.7256675373735404,6.28,0.489735101687038,5.88920526367073
6.432,0.7284479936235407,0.42880380248109695,0.7392799049379726,0.5022577907736564
6.464,0.7346489823735395,3.6302560797130834,0.6592435980071729,3.755199210618638
6.496,0.7351793748735397,-2.5476706143980765,0.8136917653599519,-2.2023220977961078
6.5280000000000005,0.7391401998735396,-5.035632350187624,0.8758908087546906,-4.971238651808753
6.5600000000000005,0.7368154323735396,-3.3525353393687896,0.8338133834842197,-3.54030140159968
6.5920000000000005,0.7315767648735395,1.2997993438560584,0.7175050164035985,1.0950259670883584
6.6240000000000006,0.7278422786235412,2.8592600702850657,0.6785184982428734,3.2595097697776083
6.656000000000001,0.7289985161235408,-6.28,0.9425652743452253,-6.378673798885508
6.688,0.7324374873735405,6.28,0.41003695146996616,6.253582682225179
6.72,0.7257241736235409,-4.720824073607668,0.8680206018401917,-4.7013589888957235
6.752,0.7323066836235397,0.9567965646147636,0.7260800858846309,0.6164550244988205
6.784,0.7273510323735406,1.5078861782345543,0.7123028455441361,1.2614918032386901
6.816,0.7280019986235393,-6.28,0.9561498130837808,-6.001213923773581
6.848,0.7293339611235398,-6.28,1.0587214056351102,-6.232152916167313
6.88,0.7230154923735393,-6.28,1.0351945150001165,-6.328372483119935
6.912,0.716455834873541,5.251160624832201,0.618720984379195,4.979105731550134
6.944,0.7097957748735411,-5.707865213972045,0.8926966303493011,-5.551357393977686
6.976,0.715043063623541,6.28,0.47038163568562824,5.938773542907107
7.008,0.7091957936235392,2.318139725187951,0.6920465068703012,2.3208491385644816
7.04,0.7154489636235404,-6.28,0.9225864651616066,-5.871925541463059
7.072,0.717898677373541,-6.28,1.0146277581788916,-6.241858402334866
7.104,0.7117155086235404,-6.28,0.9166472169663097,-6.292232638252062
7.136,0.7051457448735404,-6.28,1.0164731899510853,-6.370716454240221
7.168,0.6985235111235397,-1.1946904379182133,0.7798672609479553,-1.2159442655008075
7.2,0.691819148623541,1.6437624272149343,0.7089059393196266,1.8515674229911352
7.232,0.690535283623541,-6.28,1.0560591761154812,-6.001349679247751
7.264,0.6924899973735402,-1.890718318442155,0.7972679579610539,-2.0764802260198865
7.296,0.6861712811235404,-6.28,1.026608837651846,-6.0628338317541015
7.328,0.6839793798735399,5.471467904684131,0.6132133023828967,5.613380418178088
7.36,0.6775967261235402,6.28,0.45893443776158105,6.572380594307747
7.392,0.6835090886235408,-3.775374587520526,0.8443843646880131,-4.1714200256538865
7.424,0.6904246511235409,6.28,0.5794933941426971,6.303495559744709
7.456,0.6860258336235401,-6.28,0.9095546044057818,-6.298089698647928
7.488,0.6926603598735398,-3.5692768445308687,0.8392319211132717,-3.7035667088052375
7.5200000000000005,0.6860312373735405,-6.28,0.9895650424628147,-6.039458037314754
7.5520000000000005,0.6821247386235394,-6.28,0.975551036306101,-5.813007642100466
7.5840000000000005,0.6757667523735412,-6.28,1.0203651061872971,-6.318827656618616
7.6160000000000005,0.6696459536235407,6.28,0.545976329608941,6.323064800072954
7.648000000000001,0.6629958348735411,-4.1812953705075495,0.8545323842626887,-3.8655523597153745
7.68,0.6696509861235412,-6.28,0.9527853367853979,-6.102056961471664
7.712,0.6591503861235397,-4.988073439031595,0.8747018359757899,-4.711258150555362
7.744,0.6591503861235397,1.0290140933602432,0.7242746476659939,1.0573234782849705
7.776,0.6541848761235403,-1.9093132538944158,0.7977328313473604,-2.162417693419786
7.808,0.65530130737354,2.5308038532322907,0.6867299036691927,2.392903273984603
7.84,0.6530186561235396,6.28,0.5237146088203473,6.476510103269428
7.872,0.6555443936235406,6.28,0.4151180087351951,6.190386620509354
7.904,0.6623595123735401,0.31808387511593317,0.7420479031221017,0.5022115022396321
7.936,0.6688750736235399,2.74472024104774,0.6813819939738065,2.6860735249137786
7.968,0.6694053836235404,6.28,0.36859548016478666,6.544862674822861
8.0,0.6722401661235395,0.5908371653046585,0.7352290708673835,0.28215643932572926
8.032,0.6791269361235411,3.2106924500901624,0.6697326887477459,3.147515197070804
8.064,0.679424926123541,-6.28,0.9415395756431799,-6.212354353292067
8.096,0.6762066011235404,6.28,0.6759767640448958,6.181443650693205
8.128,0.6762066011235404,3.130676792537943,0.6717330801865514,3.028792229444424
8.16,0.6827137061235401,-2.7088337621768144,0.8177208440544204,-2.721027050743978
8.192,0.6859095911235411,0.34997546770519694,0.7412506133073701,0.4846987274112511
8.224,0.6830379311235413,2.2587215068119626,0.6935319623297009,2.259976844815186
8.256,0.6835497611235396,6.28,0.46995986921053345,6.475975890996335
8.288,0.6859352486235402,2.23972284078489,0.6940069289803777,2.3836016943243683
8.32,0.692749872373541,6.28,0.5605013055847534,6.278721101163975
8.352,0.6952656686235399,-1.0019702333152036,0.7750492558328801,-0.8797182635503541
8.384,0.7018742073735414,-6.28,0.967812412545865,-6.0995302433439695
8.416,0.7009452573735402,6.28,0.4882243762373152,6.395132092549739
8.448,0.6945238698735398,6.28,0.44678967749766657,6.339106680922036
8.48,0.7079264073735397,6.28,0.6132964161569656,6.295572134377292
8.512,0.7079264073735397,-0.6252206970213159,0.7656305174255329,-0.4379924926204763
8.544,0.7145522711235407,-4.501259864924423,0.8625314966231106,-4.4041804488720375
8.576,0.7140897761235397,-3.10404757660804,0.827601189415201,-3.3438024051892397
8.608,0.7094463873735402,-3.5330513949883446,0.8383262848747086,-3.3929450539459713
8.64,0.7059187698735401,2.2162524639855707,0.6945936884003607,2.1808100692378782
8.672,0.7023393423735413,6.28,0.5804128012059919,6.0885309137386985
8.704,0.7046414223735404,0.7321279379444956,0.7316968015513876,0.8853635352672431
8.736,0.7110510948735403,6.28,0.4769227854947866,6.37211209920552
8.768,0.7119859436235408,-1.449938065132752,0.7862484516283188,-1.315280672217614
8.8,0.718692327373541,-3.7941536366094564,0.8448538409152364,-3.819200059909877
8.832,0.7173035636235404,-6.28,1.0745270734783725,-6.037381838961424
8.864,0.7132753773735407,-3.2394231028087406,0.8309855775702185,-3.4832029747629116
8.896,0.7069194536235411,-4.98620904353186,0.8746552260882965,-4.972372156008015
8.928,0.703245109873541,4.6925064646876535,0.6326873383828087,4.849624755231704
8.96,0.6980052048735403,-6.28,0.9862616677620281,-6.098970859643461
8.992,0.7031165748735411,4.899645332686733,0.6275088666828317,4.505051515757133
9.024000000000001,0.6966958061235401,-1.9118441409968812,0.797796103524922,-1.8618406911698115
9.056000000000001,0.70144528987354,6.28,0.5077260063944313,6.39914658309212
9.088000000000001,0.699479727373541,-3.4987322086403516,0.8374683052160088,-3.409008897953549
9.120000000000001,0.7062143261235413,6.28,0.4803697452657585,6.397481938743567
9.152000000000001,0.7026177798735399,6.28,0.5828655358066588,6.231045324354129
9.184000000000001,0.7093506461235408,-3.944151209193558,0.848603780229839,-3.957091863746758
9.216000000000001,0.7159090661235403,-6.28,1.1006025376507018,-6.370814569240259
9.248,0.7117356386235406,-1.9374473335085574,0.7984361833377139,-1.5272135070912922
9.28,0.70503053362354,-0.6067524850367345,0.7651688121259184,-0.4920296090296806
9.312,0.7034181536235403,-0.10128337094658768,0.7525320842736647,-0.054910079504749944
9.344,0.7028985686235409,6.28,0.4771931253316122,6.495416130591446
9.376,0.702840571123541,6.28,0.5425360109701255,6.218380148119503
9.408,0.7096757786235415,5.493976635780657,0.6126505841054836,5.2763434107964
9.44,0.7162208748735399,-3.3640366005458944,0.8341009150136474,-3.4435823639131913
9.472,0.7217794361235399,-2.4190263307716453,0.8104756582692911,-2.4345665435891317
9.504,0.7155768798735413,-1.1767978163498505,0.8796157750860096,-0.8937656491448381
9.536,0.7155768798735413,1.7789435476864046,0.7055264113078399,1.6613352876493324
9.568,0.7146331211235408,-1.5146929369893591,0.787867323424734,-1.962930062301953
9.6,0.7163871123735404,1.8305488253572744,0.7042362793660681,1.8655226189444882
9.632,0.7143148773735406,-2.691449518994382,0.8172862379748596,-2.718839820806469
9.664,0.716284317373541,-6.28,1.2021007415269611,-6.235494675312474
9.696,0.7134149673735409,6.28,0.572152387984705,6.42370392160628
9.728,0.7068515973735408,2.4043212032812145,0.6898919699179696,2.533313824982132
9.76,0.7136120186235396,5.543102671314286,0.6114224332171428,5.512678959393804
9.792,0.716285802373541,-6.28,0.9954682866819445,-6.570354291727436
9.824,0.7220923998735403,-3.9652277303577943,0.8491306932589449,-3.824021808094162
9.856,0.7151786936235403,-2.8482612176195987,0.82120653044049,-2.4763381182425492
9.888,0.7111454336235412,6.28,0.4280514352803205,6.484659066330984
9.92,0.7085317923735399,6.28,0.5595157498630265,6.479185879807634
9.952,0.7153559036235412,-6.28,0.9349416753716288,-6.169705053636396
9.984,0.7221739511235399,-6.28,0.9904512428048907,-6.395949549288257
10.016,0.7156790973735402,6.28,0.486017910303001,6.299062098093989
10.048,0.7089477573735401,1.2339349337893912,0.7191516266552652,1.2554783681430148
10.08,0.7155779111235395,4.082023347759849,0.6479494163060038,3.7106228517511517
10.112,0.716903521123541,-6.28,1.1557367615305703,-6.2373772309579705
10.144,0.7208174448735403,2.652199218833813,0.6836950195291547,2.666734126565396
10.176,0.7142518473735401,0.3012389427604667,0.7424690264309883,0.28918524320508915
10.208,0.7170663348735399,-1.1642752512625698,0.7791068812815642,-1.5916865931367223
10.24,0.7173717086235408,-6.28,0.9172925229557969,-6.35391737210457
10.272,0.7156912248735395,6.28,0.4058371231005968,6.692345469611471
10.304,0.7090039811235398,0.024719319164736575,0.7493820170208816,-0.09780616360352307
10.336,0.7160217611235408,6.28,0.4087099556007978,6.133224860202607
10.368,0.7159184711235408,-2.2979283411881646,0.8074482085297041,-2.3481423520434235
10.4,0.7223751273735413,-6.28,1.1812676092215946,-6.063767253034397
10.432,0.7198965386235404,4.099006721191816,0.6475248319702046,4.21394457247111
10.464,0.7135125648735403,5.6091462232482625,0.6097713444187934,5.417813507886663
10.496,0.7179560973735408,6.28,0.4313749813094788,6.285753743161025
10.528,0.7236634886235402,-2.2139295894736266,0.8053482397368407,-1.9311839763990444
10.56,0.7302789986235401,6.28,0.26478973694752955,6.054940194822551
10.592,0.7282402586235401,-0.5788454913591456,0.7644711372839786,-0.6854420408643216
10.624,0.7346148273735396,6.28,0.5429082731088626,6.31633146751821
10.656,0.7338910136235409,6.28,0.5655735705962204,6.198679221021956
10.688,0.7405390286235413,-6.28,1.216697644266912,-6.3053887334626735
10.72,0.7470635411235401,2.7173009276267424,0.6820674768093314,2.369370310938537
10.752,0.7404267873735404,6.28,0.49052216576557495,6.359243637163399
10.784,0.7429276923735403,1.296162909413261,0.7175959272646685,1.4602319320968484
10.816,0.74962050487354,6.28,0.30159451522240044,6.1477038404613165
10.848,0.7511622236235409,-2.357954573525891,0.8089488643381473,-2.3351646611759422
10.88,0.7551688361235397,-6.28,0.607180262783852,-6.282626506411928
10.912,0.7551688361235397,-3.1001005619045108,0.8275025140476128,-3.0434910583967403
10.944,0.7485561311235402,1.29370579364815,0.7176573551587963,1.0520861832655675
10.976,0.7453448186235406,-6.28,1.2529223679039423,-6.038665419629586
11.008000000000001,0.7464557636235402,5.508844150330314,0.6122788962417421,5.33068797428612
11.040000000000001,0.7400981486235401,-2.3835586528432584,0.8095889663210815,-2.1025180956179725
11.072000000000001,0.7457142536235402,6.28,0.5514211057856395,6.267463818195116
11.104000000000001,0.7434947973735397,-4.13218721675729,0.8533046804189323,-3.8680850577332917
11.136000000000001,0.7500918273735412,-2.8710935290517448,0.8217773382262936,-2.7588168366817016
11.168000000000001,0.7460120786235405,6.28,0.5477283571557052,6.218085694695798
11.200000000000001,0.7431006536235397,-3.240529222248787,0.8310132305562197,-3.2538820126020127
11.232000000000001,0.7496460798735411,-6.28,1.021902069704726,-6.78083385118502
11.264,0.7462129248735409,6.28,0.4090693830581928,6.379799277065802
11.296,0.7391954336235401,5.069386911650398,0.6232653272087401,4.990190890368855
11.328,0.7459099436235413,-5.716778873555537,0.8929194718388884,-5.7740811610927905
11.36,0.7511688236235411,6.28,0.4506534586926944,6.1878690147151945
11.392,0.74508799612354,2.269830113251321,0.693254247168717,2.518973164080282
11.424,0.7516018248735405,-3.3892882462020912,0.8347322061550523,-3.5194930394775206
11.456,0.7542603873735401,6.28,0.5580806503860308,6.399335493669221
11.488,0.7505475161235396,-2.006186027999881,0.800154650699997,-2.0812356582251206
11.52,0.7572824448735409,2.333519791849059,0.6916620052037735,2.1552036418264997
11.552,0.7550854286235401,-6.042725412579921,0.901068135314498,-6.2251924141976405
11.584,0.7573604898735409,-4.223615018601801,0.855590375465045,-4.271794231646651
11.616,0.7508076798735402,6.28,0.4373575962288121,5.958857656235869
11.648,0.7463036336235397,6.28,0.5454881354101614,6.134656901347568
11.68,0.7525778411235402,6.28,0.5425883061145089,6.486861061543916
11.712,0.7590358173735411,-4.708370826514163,0.8677092706628541,-4.696974689008555
11.744,0.7609103411235402,3.8114477381982237,0.9362142735024415,3.8072480369540886
11.776,0.7609103411235402,-3.935899614037539,0.8483974903509385,-4.143586841586337
11.808,0.7649259048735397,-1.256304078018169,0.7814076019504542,-1.2970954653875748
11.84,0.7605564161235407,-6.28,0.9587927453154038,-6.2123546317115395
11.872,0.7591868748735404,-0.6061289659500257,0.7651532241487506,-0.6722229025804389
11.904,0.7526478011235398,-6.28,1.0637137926667983,-6.148874413479223
11.936,0.7519379711235405,0.7381749540373095,0.7315456261490673,0.3669127894098822
11.968,0.7454650623735399,-0.1822653589894152,0.7545566339747354,-0.20202832461542736
12.0,0.745852482373541,-6.28,0.9449876808347761,-6.481662869274478
12.032,0.7456391786235402,-2.8201914392685756,0.8205047859817144,-3.016189754104434
12.064,0.7388181198735406,6.28,0.46190542767974213,6.083994344504508
12.096,0.7356355586235407,0.29277698412493613,0.7426805753968766,0.3566981673420454
12.128,0.74204065237354,5.089770780313425,0.6227557304921644,5.312255942445517
12.16,0.7424173061235411,-5.325202653283352,0.8831300663320838,-5.387091134739469
12.192,0.7480139411235397,1.4058321215658554,0.7148541969608536,1.291518836868884
12.224,0.7423386423735399,-1.5902435892268363,0.7897560897306709,-1.6610388576237345
12.256,0.7437023261235399,-3.254688328730335,0.8313672082182584,-3.4003923904312443
12.288,0.7419486236235406,6.28,0.5339176244155475,6.332042428598541
12.32,0.7383613173735403,2.5102217603480215,0.6872444559912995,2.5187534327010996
12.352,0.745025873623541,-6.28,0.9341714401833048,-6.19638946651716
12.384,0.7476842298735401,2.9193550859280526,0.6770161228517987,2.7048439305741674
12.416,0.7440161148735402,6.28,0.5578773333024127,6.1425163284668285
12.448,0.7440161148735402,-0.3157552581597889,0.7578938814539947,-0.15620269823451716
12.48,0.7504822998735401,5.521068912020071,0.6119732771994982,5.571968059165957
12.512,0.7503173411235411,6.28,0.43405990819573315,5.888097840891692
12.544,0.7561862673735398,-1.5717058708135268,0.7892926467703382,-1.1147498630665769
12.576,0.7623857298735396,-3.0859265442501993,0.827148163606255,-2.944897570827964
12.608,0.761208661123541,6.28,0.5115675073043449,6.181734855890962
12.64,0.7581010923735412,-2.8181340188093484,0.8204533504702337,-2.9094190758055665
12.672,0.764608486123541,-3.9694764752537015,0.8492369118813425,-3.7895873912302336
12.704,0.7615382073735408,-3.3644805323315508,0.8341120133082888,-3.341316499793488
12.736,0.75754132987354,-6.28,1.1847036276391743,-6.384874219041766
12.768,0.7540162698735409,6.28,0.42978141163527295,6.279992914143845
12.8,0.7472968511235398,-6.28,1.1230715168170504,-6.340019456195863
12.832,0.7539070398735409,-2.0339691289284145,0.8008492282232104,-2.201773965091353
12.864,0.7472340686235407,2.7966779449271595,0.680083051376821,2.8978907454121923
12.896,0.7449100023735399,4.849062157140702,0.6287734460714824,4.760863561374565
12.928,0.7479681123735398,-2.4400100792493484,0.8110002519812337,-2.192459029716361
12.96,0.7529859273735404,-6.28,0.9554059529460379,-6.354244965878405
12.992,0.7506715548735404,0.7774844808118209,0.7305628879797045,0.8677604010095886
13.024000000000001,0.7439838986235399,-0.005639883106680621,0.750140997077667,0.013643506036180409
13.056000000000001,0.7449002261235392,0.3848866856199873,0.7403778328595003,0.1273292726819495
13.088000000000001,0.7449146223735394,1.5069630530845712,0.7123259236728857,1.4375662670458988
13.120000000000001,0.7450490973735394,4.021387678121586,0.6494653080469603,3.900437728952512
13.152000000000001,0.7465668911235406,-6.28,1.0924070373646406,-6.385652356765088
13.184000000000001,0.7506805061235393,-4.818126383834849,0.8704531595958712,-4.459700969943687
13.216000000000001,0.7439598498735395,1.3227919630332252,0.7169302009241694,1.4625439163685723
13.248000000000001,0.7392582986235404,-5.856489268088265,0.8964122317022066,-5.632913359611515
13.280000000000001,0.7408024923735407,4.712954411172685,0.6321761397206829,4.638205731490508
13.312000000000001,0.7397590323735396,1.8733346708568455,0.7074302124349738,1.9469349179425055
13.344,0.7397590323735396,-2.3565830403204036,0.8089145760080101,-2.451065335722086
13.376,0.7418143548735409,6.28,0.5303411244768358,6.148687827963884
13.408,0.73922727862354,6.28,0.4962755524739251,6.110011030853463
13.44,0.7457000223735392,6.28,0.5133628170448293,6.64967347314175
13.472,0.7521318873735393,-6.28,1.0259538773594608,-6.316398920822628
13.504,0.7591276398735396,3.9615926396862555,0.6509601840078436,3.862672120729051
13.536,0.7565533511235403,1.3052766984153807,0.4944459365001411,1.4106752135284322
13.568,0.7565533511235403,5.035353360530754,0.6241161659867311,4.819360492240413
13.6,0.7580427648735399,-0.17480678554265605,0.7543701696385664,-0.06992720116722886
13.632,0.7631221248735408,6.28,0.5539744046640964,6.228703725260218
13.664,0.7630482873735397,-0.42063361763116536,0.7605158404407791,-0.40274072554700296
13.696,0.7696046861235397,6.28,0.5446592615474188,6.102676450706661
13.728,0.7691793986235405,-4.447691347090541,0.8611922836772635,-4.408376124964567
13.76,0.7756040448735392,-6.28,1.0303228996179816,-6.566705648393147
13.792,0.7709561598735406,-6.28,1.0124191265625866,-6.512029482278339
13.824,0.7640463723735409,-0.28106896986921814,0.7570267242467305,-0.33205284231603827
13.856,0.7571945823735392,-4.7189423920930285,0.8679735598023257,-4.514636827403203
13.888,0.7568439161235401,-0.10807680380320317,0.7527019200950801,-0.001156799182372728
13.92,0.7520845736235396,-6.28,0.9799674154595939,-6.291250456161624
13.952,0.7520833773735398,6.1878260787376815,0.595304348031558,6.10266392791834
13.984,0.7454615561235399,-3.6154552376404414,0.840386380941011,-3.6795934438831943
14.016,0.7518862436235395,-0.9031166092999987,0.7725779152325,-0.8011503016123116
14.048,0.7480049073735405,-0.40294292057987846,0.760073573014497,-0.2377484613809422
14.08,0.7471589523735398,-3.2123728946286967,0.8303093223657174,-3.392175375015352
14.112,0.7469079048735396,-4.168401951953267,0.8542100487988317,-4.085453760239015
14.144,0.7433291373735392,-5.3613037530687935,0.8840325938267198,-5.2049062154745664
14.176,0.7390210286235391,6.28,0.4734180645563628,6.046004926981332
14.208,0.7335372948735397,-1.1178210814781675,0.7779455270369542,-1.3568951982324355
14.24,0.7399026648735408,1.795587348921548,0.7051103162769613,1.4729481430488178
14.272,0.7384700111235404,-6.28,1.1802634440868298,-6.335050502961804
14.304,0.7400251773735391,2.5016113937805473,0.6874597151554863,2.322012686911625
14.336,0.7333575273735395,-5.179468352411001,0.879486708810275,-5.2941094881349064
14.368,0.7358085198735398,-4.696376806527636,0.8674094201631909,-4.852719006529979
14.4,0.7302308186235393,-0.1971429132965108,0.7549285728324128,-0.5118763960234166
14.432,0.7251166023735391,2.8306503015771955,0.6792337424605701,2.695071323045795
14.464,0.7245761036235391,-0.6026853292471612,0.765067133231179,-0.8885320214224675
14.496,0.7274203736235405,-6.28,1.0917519971063876,-6.402139336006762
14.528,0.7264821423735393,-1.9395512765236456,0.7984887819130911,-2.041698536734567
14.56,0.7197442848735407,6.28,0.5165598727933718,6.200876661264999
14.592,0.7175890548735403,0.7667709830302094,0.7308307254242448,0.42559724335694255
14.624,0.7241163723735397,6.28,0.42263041056078987,6.245478571312833
14.656,0.7245658323735398,6.28,0.5827120055295409,6.1726689480017525
14.688,0.7311398036235404,-3.1040872725832758,0.8276021818145819,-3.018470162499495
14.72,0.7376370498735396,5.155961859802867,0.6211009535049283,5.366545852630418
14.752,0.7344518486235407,6.28,0.38002041212010274,6.538410830232306
14.784,0.7401054086235401,0.12500991384962745,0.7468747521537593,0.19075893598341798
14.816,0.7469848773735405,0.8586633088143802,0.7285334172796405,0.9304153683721155
14.848,0.7471863423735402,5.658045869940418,0.6085488532514896,5.701828110609001
14.88,0.7481687936235405,6.28,0.5465255451429555,6.261791729075814
14.912,0.75417372112354,4.0963776877469815,0.6475905578063255,4.065567714105483
14.944,0.7607643161235408,6.28,0.4633156949460224,6.747073217924169
14.976,0.7650514286235405,-6.28,0.9389774904185961,-6.56201681706036
15.008000000000001,0.7720685486235394,-6.28,0.914144679668266,-6.428598017842896
15.040000000000001,0.7651635873735396,-6.28,1.0168816834330612,-6.205439610522021
15.072000000000001,0.7583982573735409,-6.28,0.9484273766549196,-6.344078724529033
15.104000000000001,0.7518668973735406,3.9018400969809086,0.6524539975754773,3.9478950421845314
15.136000000000001,0.7451905436235396,-5.081860332759156,0.8770465083189789,-5.070624947080011
15.168000000000001,0.7440110411235407,-5.800534042837215,0.6127540713967016,-5.482868348069753
15.200000000000001,0.7440110411235407,-1.5192116319484095,0.7879802907987102,-1.3067522062803851
15.232000000000001,0.7382359173735397,6.28,0.5017777482933072,6.279473973454196
15.264000000000001,0.7368561873735398,-6.28,0.939648833203392,-6.414438374539931
15.296000000000001,0.7434656336235409,-4.39696245233812,0.859924061308453,-4.33574404000222
15.328000000000001,0.7367149061235411,5.856063513194258,0.6035984121701435,5.864782956696294
15.36,0.7321435811235406,-6.28,0.9909611659707125,-6.603773580541294
15.392,0.7383192423735395,6.28,0.49669227530644394,5.9401591889947385
15.424,0.7313708036235408,-0.8134196435366903,0.7703354910884173,-0.6039952756522801
15.456,0.7376253761235403,-0.20547717004080646,0.7551369292510202,-0.20311745973623657
15.488,0.7369876098735401,-6.28,0.9281709446290339,-6.329338746410806
15.52,0.7367731098735395,-0.45285904545289135,0.7613214761363223,-0.5514960895991241
15.552,0.7301114823735397,-2.1822364813999773,0.8045559120349994,-2.159190216491917
15.584,0.7295291561235403,-6.28,1.13072327809711,-6.322202112126312
15.616,0.7272499286235398,-2.730110097046725,0.8182527524261681,-2.486932349914071
15.648,0.7205958086235399,-6.28,1.0783616868477626,-6.415759574427188
15.68,0.7179710298735404,6.28,0.5595918741528045,6.269122835692551
15.712,0.7178180336235395,6.28,0.8593120342240069,6.026586675754849
15.744,0.7178180336235395,-1.5418686980961294,0.7885467174524032,-1.854857620340807
15.776,0.7241629436235397,6.28,0.5753038371102758,6.551805532875709
15.808,0.7222047236235409,-5.419947066321242,0.8854986766580311,-5.505368495086872
15.84,0.7290988361235409,-0.02017070182676939,0.7505042675456692,0.08814080111795819
15.872,0.7232995811235399,6.28,0.416343144768136,6.364546209601
15.904,0.7233926411235413,-6.28,0.9367892903732647,-6.548874422966766
15.936,0.7300912286235396,-6.28,1.1156030677877387,-6.124819249979881
15.968,0.7232000036235399,-6.28,1.1278929983466282,-6.43978827208587
16.0,0.7167521748735397,0.5358929323887329,0.7366026766902817,0.7744032505782275
16.032,0.7099756661235402,-4.599529058118739,0.8649882264529685,-4.649290983661594
16.064,0.7107934061235409,0.31879000512072153,0.742030249871982,0.4822814429372352
16.096,0.7058926173735403,6.28,0.5425553564088903,6.001029433997077
16.128,0.7064018898735412,-3.9502010251311592,0.848755025628279,-4.118891395111698
16.16,0.7127199873735398,-3.8765242186449367,0.8469131054661234,-4.0314031334880776
16.192,0.7083764036235412,6.28,0.4943624446223284,6.132478252950471
16.224,0.7041249723735405,6.28,0.2930761881633721,5.860597637017009
16.256,0.7105808448735401,0.4086124590489115,0.7397846885237772,0.6922445836386821
16.288,0.7167518448735405,-5.890758615486762,0.897268965387169,-5.750024369714547
16.32,0.7174827948735408,-6.28,1.017108623806303,-6.416425050836538
16.352,0.7114272536235406,1.3087878057670732,0.7172803048558232,1.278709167162313
16.384,0.7046752473735411,-1.0434814963975247,0.7760870374099381,-0.9504550689099052
16.416,0.7060254011235398,-6.28,0.9728534216775337,-5.877010516195007
16.448,0.7050217886235414,0.8115979643902538,0.7297100508902437,0.6629060121961923
16.48,0.6988335461235413,5.912366068697654,0.6021908482825586,5.9374490920355285
16.512,0.6995335173735402,-5.584904400393009,0.8896226100098252,-5.507454062211431
16.544,0.7057852436235403,-2.7169943365980265,0.8179248584149507,-2.4701102717008325
16.576,0.6999838023735401,6.28,0.48987917039691514,6.603306998832169
16.608,0.697376678623541,-3.5388059621255863,0.8384701490531397,-3.083842764440304
16.64,0.70432466362354,3.8494034627061158,0.6537649134323471,4.086773052380003
16.672,0.7010706161235395,5.023135796506772,0.6244216050873307,5.1127036550410105
16.704,0.7053803336235402,-3.5377330053992218,0.8384433251349805,-3.3702531651583665
16.736,0.71076737737354,-1.0598607714150443,0.7764965192853761,-0.7802298530878182
16.768,0.7072116686235406,-1.672501115148055,0.7918125278787014,-2.0752701741041895
16.8,0.7063877823735413,2.8274893211012886,0.6793127669724678,3.023826397682348
16.832,0.7041970773735404,5.9132421568867155,0.6021689460778321,5.748619840663409
16.864,0.7073878886235402,6.28,0.34585831776716114,6.098337544172043
16.896,0.7134415323735396,5.917351269114737,0.6020662182721316,5.738583685703773
16.928,0.719861022373541,-6.28,0.9357588015446882,-6.254731355689707
16.96,0.725904023623541,-3.547485220268669,0.8386871305067167,-3.713830444584928
16.992,0.7193202761235398,6.28,0.48093844432903615,6.442621768865846
17.024,0.7154029698735397,-6.28,1.0184541294014768,-6.510109202362729
17.056,0.72218323237354,-5.591923031335626,0.8897980757833907,-6.026392150241806
17.088,0.7153325561235402,0.01837823809570871,0.7495405440476073,0.029032912117690404
17.12,0.7089880586235408,-6.28,0.9930578861861921,-6.016187169680843
17.152,0.7090187073735412,-2.4341018154148397,0.810852545385371,-2.354234623451908
17.184,0.7026846048735399,6.218574566225037,0.5945356358443741,6.247170763610981
17.216,0.7001997461235399,0.8773285740164916,0.7280667856495877,0.9330996001506626
17.248,0.7067754911235407,-4.360756954766689,0.8590189238691672,-4.520966257483718
17.28,0.7077607886235404,5.262260224696789,0.6184434943825803,5.572719989680607
17.312,0.7029946398735413,3.2086993478432113,0.6697825163039197,3.055821499618315
17.344,0.7088644323735406,-2.455959040486557,0.8113989760121639,-2.2399545771270755
17.376,0.71208882112354,6.28,0.452826726614292,6.3057230102194515
17.408,0.7097243711235408,2.075454365835512,0.6981136408541122,2.1398521484901423
17.44,0.7163613723735399,4.931566314927744,0.6267108421268064,4.853670686982098
17.472,0.7186201398735415,-2.6074470640253233,0.8151861766006331,-2.7989895656323456
17.504,0.7237355111235405,-0.8168762091957182,0.770421905229893,-0.6833064378974443
17.536,0.7207815986235401,6.28,0.5801406910540914,6.422439660940679
17.568,0.7200600536235404,-6.28,0.9709762156603918,-6.249216798605019
17.6,0.7268191961235415,6.28,0.5044071377493399,6.311624248303993
17.632,0.7202412236235407,3.668965667421964,0.6582758583144509,3.8289823545669326
17.664,0.7268844948735408,-2.237987570226725,0.8059496892556681,-2.437004420653201
17.696,0.7309227461235412,2.8905964236475246,0.6777350894088119,3.2246444431035535
17.728,0.7283504786235414,3.628237212440175,0.6592940696889956,3.731152100865688
17.76,0.7317528611235407,-6.28,1.0731278371608897,-6.328550089605173
17.792,0.7356882761235409,3.6371590375747953,0.6590710240606301,3.680765712958522
17.824,0.7290273911235412,-1.7845292441801375,0.7946132311045034,-1.4753832752458689
17.856,0.7329100061235397,-6.28,1.045756379661147,-6.511859768155881
17.888,0.731352241123541,1.4032231666420758,0.7149194208339481,1.3574085181457205
17.92,0.7245000386235404,-3.4226980844848365,0.8355674521121209,-3.5847976383216196
17.952,0.7259332698735412,6.28,0.5346285077768441,6.216039581679373
17.984,0.7221517998735405,-4.1178996524341205,0.852947491310853,-4.442549276886935
18.016000000000002,0.7286950398735409,-6.28,0.9289605203228728,-6.045113223068249
18.048000000000002,0.724011267373541,-3.4245212461747965,0.8356130311543699,-3.6155166272520853
18.080000000000002,0.7176472173735403,3.0206947223636327,0.6744826319409092,3.125549944849676
18.112000000000002,0.7138335723735402,-6.28,0.9966771662982489,-6.143873306737927
18.144000000000002,0.7171315511235413,4.654116858253361,0.633647078543666,4.896195223469246
18.176000000000002,0.7106636748735411,6.28,0.5683348293184223,6.234574877817707
18.208000000000002,0.7158239261235413,-2.6853392179732882,0.8171334804493322,-2.701326686691337
18.240000000000002,0.7223863061235403,0.913849919578551,0.7271537520105362,0.8549336105514439
18.272000000000002,0.7195353536235407,3.222298758057187,0.6694425310485703,3.1533392429253717
18.304000000000002,0.7204381098735396,-2.35601488509416,0.808900372127354,-2.638404235998827
18.336000000000002,0.7237652936235403,-5.932601947830709,0.8983150486957677,-5.667406795856646
18.368000000000002,0.7209806711235401,3.7239919935558152,0.6569002001611046,3.972833006080825
18.400000000000002,0.7150119611235412,5.093640695355135,0.6226589826161216,5.061875235837199
18.432000000000002,0.7192018886235404,-1.740515450909288,0.7935128862727322,-1.627037392319846
18.464,0.7245359261235399,-5.777931834424841,0.894448295860621,-5.962435632760255
18.496,0.7228181523735409,-1.6948842750319892,0.7923721068757997,-2.053305809951279
18.528,0.7165402736235411,1.0183567029258755,0.7245410824268531,0.8910435715470947
18.56,0.7143728336235396,-1.3431201582566787,0.783578003956417,-0.903989764291595
18.592,0.7143591386235405,5.001537598533603,0.6249615600366599,4.980498178067924
18.624,0.7143591386235405,-4.152366906575833,0.8538091726643958,-3.9043778297949965
18.656,0.7196078298735407,6.28,0.45812993367856125,6.267503267390786
18.688,0.7154898836235407,-2.9723679539173053,0.8243091988479326,-2.793568117693017
18.72,0.7220869961235401,-2.4783166104385757,0.8119579152609644,-2.574606132277562
18.752,0.7191388173735411,6.28,0.4446698786079385,6.423048175555782
18.784,0.7164215561235407,6.28,0.5430538784748709,6.157367772280853
18.816,0.7231812761235404,-6.28,0.9846853477825943,-6.190582732277629
18.848,0.7296628473735399,1.4240929946666903,0.7143976751333327,1.3568192588113646
18.88,0.7231461723735401,-4.540678661227351,0.8635169665306838,-4.717585114487027
18.912,0.7245787436235407,-1.25172666912579,0.7812931667281448,-1.300981271083935
18.944,0.7196060973735414,-1.0981114136024672,0.7774527853400617,-1.2394398772967645
18.976,0.718232472373541,-3.630888523313147,0.8407722130828287,-3.947311026669752
19.008,0.7169238161235408,-0.9959062026840293,0.7748976550671007,-0.7432959952677273
19.04,0.712760866123541,-6.28,0.9710954490520864,-6.2678275372780865
19.072,0.7119759611235399,0.25291693668468174,0.743677076582883,0.5021476918682319
19.104,0.7053786011235411,6.28,0.35740610908531467,5.996091397383652
19.136,0.7059088698735407,5.022460077886066,0.6244384980528483,5.1111232998797975
19.168,0.7122218936235399,-5.929342932679322,0.8982335733169831,-6.245288252809177
19.2,0.7176071636235414,6.28,0.5584452536561475,6.526006525974318
19.232,0.7110332336235415,5.4541943339527865,0.6136451416511803,5.361674847343899
19.264,0.7179006161235414,2.2696299576692835,0.6932592510582679,2.3803807528833265
19.296,0.7260611448735412,6.28,0.7726617319983683,6.188473277572326
19.328,0.7260611448735412,6.28,0.48590137785352083,6.40568305941932
19.36,0.7325751798735403,2.508283043194597,0.6872929239201351,2.6597670452494335
