0.032,-0.08436774575782506
0.064,-0.14290347332936312
0.064,0.05135273343349586
0.096,0.07771487071942342
0.096,-0.05323840499979915
0.096,-0.034241133713458265
0.128,0.014492967351117741
0.128,-0.06452593744170021
0.128,0.003989882172367985
0.128,0.11450357316704848
0.16,0.04092624922069087
0.16,-0.04190771330546507
0.192,0.18368702211182394
0.192,-0.03647146369210616
0.224,-0.01741285872073798
0.256,-0.22618498181028648
0.256,0.09167970714918955
0.28800000000000003,0.15332044870407288
0.28800000000000003,0.019769405966019164
0.32,-0.07815176566331011
0.352,0.17200619719943971
0.352,-0.011046972036454324
0.384,0.0941464022930914
0.41600000000000004,-0.03194168261716471
0.448,0.0281710493791194
0.48,-0.09006470054249363
0.512,0.007574681383057537
0.544,0.057575973135757706
0.5760000000000001,-0.06384730242414968
0.608,0.08705847007284494
0.64,0.03738681872835401
0.64,0.16934674404683325
0.672,0.037756835393608454
0.704,0.15188870726056117
0.736,-0.004035742298267836
0.768,-0.013754524025975129
0.8,0.10004822483013215
0.8320000000000001,-0.013605233665775845
0.864,0.03237554384674857
0.896,0.2290436519160501
0.928,0.07202175404430725
0.96,0.25364429255554527
0.992,0.20098220132450026
1.024,0.09691531388081967
1.056,0.3584653841711988
1.088,0.36538581014737376
1.12,0.11204817005974775
1.12,0.31826886706972246
1.1520000000000001,0.16849498503515728
1.1520000000000001,0.1000357926665231
1.184,0.27778482508112556
1.216,0.31715969786233245
1.248,0.18924110299822322
1.28,0.29524352595518133
1.312,0.22577636462959655
1.344,0.19302314004706422
1.3760000000000001,0.40295683826975565
1.408,0.31456353053893615
1.44,0.3062395338703892
1.472,0.09988379227487632
1.504,0.23913020322742154
1.536,0.28818165957697145
1.568,0.1916460235038371
1.6,0.1922504515351513
1.6320000000000001,0.07150228043104451
1.6320000000000001,0.2850815266297855
1.6640000000000001,0.3418788587132098
1.696,0.35795152442329004
1.728,0.3652550381496196
1.76,0.37941339422356957
1.792,0.371308935641778
1.824,0.3984805420246796
1.856,0.42813645717668514
1.8880000000000001,0.26944772110327303
1.92,0.2862576288663904
1.952,0.28845962852202295
1.984,0.06958229612543576
2.016,0.32355637337673093
2.048,0.24782562259565274
2.08,0.41576394653553717
2.112,0.3527437361830077
2.144,0.35617116300225515
2.144,0.25883903191981766
2.176,0.43827669148149495
2.208,0.37737215920093575
2.24,0.4511201678263032
2.2720000000000002,0.42523712010363157
2.3040000000000003,0.29778610755737783
2.336,0.5853048764616446
2.336,0.41846788780214034
2.368,0.36393474797402414
2.368,0.3390017096163951
2.4,0.5077979895082353
2.4,0.5074948200182667
2.432,0.5642176383939834
2.432,0.36362867029680496
2.464,0.42974479666334553
2.464,0.3661847209986968
2.496,0.3598316149082182
2.528,0.547950135405196
2.56,0.42563385300283985
2.592,0.4901015095239585
2.624,0.6548809440393495
2.656,0.6150147012399244
2.656,0.45249502808102016
2.688,0.5214778988713731
2.72,0.6553741604074999
2.7520000000000002,0.5239732484333425
2.7840000000000003,0.5533999520061799
2.816,0.46459381428272156
2.848,0.5606268109754775
2.88,0.5368583053200796
2.912,0.4459269328417393
2.944,0.5276889237890438
2.976,0.4801362013888242
3.008,0.5570792385792983
3.04,0.45654391588905463
3.072,0.45497330269716074
3.104,0.7661708516295577
3.136,0.5133488336179008
3.136,0.6038763230393843
3.168,0.614248431365794
3.2,0.4928137284746757
3.232,0.5078817734901828
3.2640000000000002,0.6257008490463924
3.2960000000000003,0.5968965599483103
3.3280000000000003,0.6805336087673461
3.36,0.5327991605682544
3.392,0.5850331626919952
3.424,0.5663832033741762
3.456,0.6036999746262572
3.488,0.6080976346108244
3.52,0.6322294204620783
3.552,0.723315028260725
3.584,0.6754406211604573
3.616,0.7680901688527996
3.648,0.6249664920149602
3.68,0.6316321387126635
3.712,0.6488703406975697
3.744,0.5213932032999727
3.7760000000000002,0.7493722262439311
3.8080000000000003,0.7083191635567015
3.84,0.7177024544326436
3.872,0.7290121619043664
3.904,0.741019062927342
3.936,0.5249693107312896
3.968,0.5034473715196227
4.0,0.718021258256833
4.032,0.6719998070504247
4.064,0.6656208774691862
4.096,0.6195704613235201
4.128,0.7667768372484185
4.128,0.6592318589968141
4.16,0.7104578500559917
4.192,0.6493842973564712
4.224,0.7525150973275606
4.256,0.7148401349491436
4.288,0.8016491320664201
4.32,0.7528081934313398
4.352,0.744934107232088
4.384,0.8444123090606808
4.416,0.6287438987660285
4.448,0.7292534831482693
4.48,0.6708766432218982
4.5120000000000005,0.8500745232804343
4.5440000000000005,0.6915595685972117
4.5760000000000005,0.9551030961248327
4.6080000000000005,0.7914442052118852
4.6080000000000005,0.8020362513303829
4.64,0.6195497077435941
4.64,0.6524435304950297
4.672,0.7228311404631355
4.704,0.8509909816937679
4.736,0.6448245815304181
4.768,0.7348600387143003
4.8,0.7686331712755837
4.832,0.734199482304398
4.864,0.6510910671434225
4.896,0.5964129347492519
4.928,0.6251624231010651
4.928,0.8212527229764233
4.96,0.6421378336408307
4.992,0.6806207458087299
5.024,0.7631358593987115
5.056,0.7000542121509189
5.088,0.7824230103607132
5.12,0.8594895797745055
5.152,0.7246989683232913
5.184,0.7919413518830835
5.184,0.6760489906941436
5.216,0.5697477648896349
5.216,0.7329722133684637
5.248,0.9225996640481515
5.28,0.7164906591378178
5.312,0.8520678657560484
5.344,0.8127177244663829
5.376,0.699171067357302
5.408,0.7229461715365316
5.44,0.7640652518932105
5.472,0.739301875118487
5.5040000000000004,0.7130793816492531
5.5360000000000005,0.6698414881662108
5.5680000000000005,0.7731192015054933
5.6000000000000005,0.8325918790966874
5.632,0.8494252269792041
5.664,0.7706830330463711
5.696,0.7418223356108788
5.696,0.8441758046581911
5.728,0.892972037980513
5.76,0.8345917877005442
5.792,0.5497519132757267
5.824,0.6150324199890302
5.856,0.9228750203001985
5.888,0.7547245704545087
5.92,0.6204353635690841
5.952,0.8081602206181993
5.984,0.640584032359706
6.016,0.8223781153189796
6.048,0.7482887731189187
6.08,0.6174906096562666
6.112,0.7226535019081987
6.144,0.6041645728376333
6.176,0.6629717832856842
6.176,0.7536122222967548
6.208,0.8121731504991025
6.24,0.8653053542382925
6.272,0.8214915200078847
6.304,0.8583840665798901
6.336,0.5908499376213678
6.368,0.6396192319445387
6.4,0.6602086938554929
6.432,0.8479032987964903
6.464,0.5607739480348017
6.496,0.7289181627344691
6.5280000000000005,0.5836014694253568
6.5600000000000005,0.6993167557274623
6.5920000000000005,0.8018136427505186
6.6240000000000006,0.889471524321835
6.656000000000001,0.8357773433858735
6.688,0.6629925629684574
6.688,0.775842359476956
6.72,0.740130743121696
6.752,0.7226999513223399
6.784,0.8401219709284424
6.816,0.8648044474053588
6.848,0.7993589639251475
6.88,0.7297906839872761
6.912,0.6635797660643603
6.944,0.8977384192679969
6.976,0.8108024246501506
7.008,0.8582759174350049
7.04,0.6622954832537027
7.04,0.7925719714881514
7.072,0.8210317299694734
7.072,0.6524366328336328
7.104,0.6382014408628733
7.104,0.6969682275397556
7.136,0.6148897481521755
7.136,0.6833587596978725
7.168,0.6533985055272128
7.168,0.7089671871327875
7.2,0.896234500456063
7.232,0.6338598336013807
7.264,0.7668190747566943
7.296,0.9159131392253685
7.328,0.7269560145285991
7.36,0.7990548207739804
7.392,0.7759322796302586
7.424,0.8554470753635453
7.456,0.6049086983016463
7.488,0.6658778973773678
7.5200000000000005,0.7160474985189156
7.5520000000000005,0.8136135544053679
7.5840000000000005,0.6164285163068515
7.6160000000000005,0.8837972085295804
7.648000000000001,0.7295414939715735
7.68,0.7891226688511542
7.712,0.6873350970380196
7.712,0.7926726416905632
7.744,0.9129508516499178
7.776,0.8964769287634602
7.808,0.8137841693921819
7.84,0.5686581957244412
7.872,0.8068760974412857
7.904,0.7531050167448471
7.936,0.710093135054864
7.968,0.6909292245766022
8.0,0.815535665583619
8.032,0.6462561993746465
8.064,0.6769271174778808
8.096,0.8303990746736997
8.128,0.7368462639178042
8.16,0.7816138550863536
8.192,0.6998004117066431
8.192,0.783337739623196
8.224,0.7719756463955768
8.224,0.7606861926802302
8.256,0.7160105379892769
8.256,0.7446886467926852
8.288,0.6260830044504586
8.288,0.7413155583291772
8.32,0.7303857894042924
8.32,0.8072754180603822
8.352,0.8091178662258147
8.352,0.7540563112424661
8.384,0.810292801692936
8.384,0.6544087063103949
8.416,0.7339482302341463
8.416,0.7155012494576544
8.448,0.7464253743222828
8.448,0.8493139545412665
8.48,0.5803643547337998
8.48,0.6130432537679534
8.512,0.7035568872118115
8.512,0.830666244112517
8.544,0.6272885273654447
8.576,0.8147986593651348
8.608,0.782102025891577
8.608,0.6128847165518281
8.64,0.8167256427925522
8.672,0.7541514923373286
8.704,0.7411256828301295
8.704,0.7519995591444435
8.736,0.7556508087841061
8.736,0.72165052348378
8.768,0.8346333154155255
8.8,0.7109502303072797
8.832,0.8510692492506804
8.864,0.8479436701418097
8.896,0.7873212461989161
8.928,0.719385820760767
8.96,0.6841815084282262
8.992,0.6810919070821869
9.024000000000001,0.7582568028659801
9.056000000000001,0.6646004120665477
9.088000000000001,0.7279446425661832
9.120000000000001,0.6925749855132372
9.152000000000001,0.7535114846616564
9.152000000000001,0.8734300093352032
9.184000000000001,0.9413506410398501
9.184000000000001,0.8009047658782544
9.216000000000001,0.8423612091696503
9.216000000000001,0.7766097508087466
9.248,0.6604129420935796
9.248,0.7754843981474232
9.28,0.5902503799521154
9.28,0.6296757145023922
9.312,0.7120627858347452
9.312,0.6267734495143893
9.344,0.7673099799862051
9.344,0.6649679263561854
9.376,0.6854977041873137
9.376,0.8572572796486603
9.408,0.7136958810149295
9.44,0.9194252172700451
9.472,0.7845040495869737
9.472,0.6977272573289249
9.504,0.8276197332801698
9.504,0.873259406172358
9.536,0.8107068862692856
9.568,0.7113595946177803
9.6,0.6674566571316836
9.6,0.6393583883723566
9.632,0.795315913930547
9.632,0.9117184545568747
9.664,0.7042928832576311
9.664,0.6449119453319094
9.696,0.6339450072243857
9.696,0.808818181455613
9.728,0.8410296914661539
9.728,0.5255734319042746
9.76,0.5678435244934438
9.792,0.7794390363881449
9.824,0.6568617078243625
9.856,0.7544303007301146
9.856,0.639917680796894
9.888,0.6966996806963593
9.888,0.7097825742796027
9.92,0.8108654891294227
9.92,0.7421107778748299
9.952,0.7803230479398496
9.952,0.6200877028781961
9.984,0.7109513015664967
9.984,0.7299700255361143
10.016,0.7666985879576422
10.048,0.8195526813268684
10.048,0.9153058824600402
10.08,0.8859382458426555
10.08,0.6193893082662447
10.112,0.7718346578361163
10.112,0.6597314778489748
10.144,0.7504509631138181
10.144,0.9329556128148203
10.176,0.8568698101769685
10.176,0.7093140852551342
10.208,0.7481973405994651
10.208,0.7383449282982454
10.24,0.7101680354916691
10.24,0.5620616344564886
10.272,0.7573449046237574
10.272,0.5294818454969991
10.304,0.7092202801984384
10.304,0.6674913292661755
10.336,0.816137150632902
10.336,0.9042818779704461
10.368,0.7006780371849364
10.368,0.7964097515802783
10.4,0.7017214892009056
10.4,0.8825891293188513
10.432,0.8738591432788693
10.432,0.5673798169656763
10.464,0.522910975617103
10.496,0.7138341484562443
10.496,0.778194040287909
10.528,0.6716890364498815
10.56,0.6910562891150582
10.592,0.7453074465291467
10.624,0.6264880065453711
10.656,0.6664670863996909
10.688,0.7971363760235833
10.688,0.8531929492019846
10.72,0.818057429304061
10.752,0.6348890670024234
10.784,0.7753135626192285
10.816,0.871068586777095
10.816,0.815827731990197
10.848,0.856288626568425
10.848,0.6047469825052536
10.88,0.8820436516283596
10.912,0.5865521687062012
10.944,0.8404405242886904
10.976,0.7615607551926151
11.008000000000001,0.8259500789835176
11.040000000000001,0.7275294645199414
11.072000000000001,0.8640825875942814
11.104000000000001,0.7216107952057069
11.136000000000001,0.8652682328589445
11.168000000000001,0.6809250299922199
11.200000000000001,0.7939281032158998
11.232000000000001,0.8332014170928701
11.232000000000001,0.6456251941740421
11.264,0.6676416420743051
11.296,0.6135555472314957
11.328,0.7942655733538584
11.328,0.7422993351262707
11.36,0.9611757008518604
11.36,0.8061731549020629
11.392,0.6049375137423554
11.424,0.7613063966074509
11.456,0.8323234836405254
11.488,0.8219870556201957
11.52,0.7190909183615342
11.552,0.7881991746259139
11.584,0.9063539635783785
11.616,0.9350006477465518
11.648,0.9935253834813804
11.68,0.6914396081204814
11.712,0.8645985752869237
11.744,0.8492426941524936
11.744,0.7619989431451181
11.776,0.7066414858142647
11.808,0.7875454104917452
11.84,0.931026358835735
11.872,0.8926101617156766
11.904,0.6760885135190693
11.936,0.8393355573705202
11.968,0.8392176987821829
12.0,0.8552165681395832
12.032,0.809292412894937
12.064,0.665959663798546
12.096,0.9239196155286205
12.128,0.7729495847847264
12.16,0.7647565027274753
12.192,0.8702532307042639
12.192,0.9080839299670227
12.224,0.5892746392058172
12.224,0.6890121360419592
12.256,0.6615515924443363
12.288,0.8268651860725758
12.32,0.5763382466750566
12.352,0.791798249155582
12.384,0.7173306944305248
12.416,0.7665074502718474
12.448,0.48824448295252176
12.48,0.7751716581747095
12.512,0.6701409278995965
12.544,0.6561342108435231
12.576,0.7287658283144677
12.608,0.8555520847933087
12.64,0.6637367433362126
12.672,0.7992174693437613
12.704,0.7335710740548276
12.736,0.5551280532217967
12.736,0.7242833968566763
12.768,0.5954073103554924
12.8,0.7879947924753791
12.832,0.7686340369922896
12.864,0.7390897260900964
12.864,0.8291884075554724
12.896,0.6351621700413344
12.928,0.695440716337187
12.96,0.7082348286526279
12.992,0.8127902313145462
13.024000000000001,0.6615088491222082
13.056000000000001,0.684688906763363
13.088000000000001,0.668561166466466
13.120000000000001,0.8670209348690749
13.152000000000001,1.005562496010578
13.184000000000001,0.5351881956049375
13.216000000000001,0.7044131289027861
13.248000000000001,0.7961250118654047
13.248000000000001,0.5777914722719009
13.280000000000001,0.7725753204650933
13.312000000000001,0.7483446987847534
13.344,0.7634083514893807
13.376,0.8366343937788777
13.408,0.9550365778355149
13.44,0.8738304451025422
13.472,0.7948076595443068
13.504,0.6977356355175401
13.536,0.7699091405907286
13.568,0.7266277876883724
13.6,0.43713254869781387
13.632,0.7600206285790134
13.664,0.7300679277335701
13.696,0.7757360556607306
13.728,0.6543619613357798
13.728,0.7687261267091821
13.76,0.7746210438046343
13.792,0.8355479915195106
13.824,0.5674648212809241
13.856,0.6889453948146739
13.888,0.717603376883715
13.92,0.7764120969480282
13.952,0.754146508284111
13.984,0.7124042400502119
14.016,0.7711101151730727
14.048,0.7621169616246549
14.08,0.7851310807717563
14.112,0.7746983618388552
14.144,0.7082767169968097
14.176,0.6391469319185308
14.208,0.7677771926054505
14.208,0.8033752440590938
14.24,0.8026269650595599
14.24,0.6230939749790807
14.272,0.858246315342539
14.304,0.7725603799193618
14.336,0.717441241683282
14.368,0.7795376203847243
14.4,0.6898107466203415
14.432,0.7363677762512563
14.464,0.7916365227268367
14.496,0.7188281602143474
14.528,0.9566760331230668
14.56,0.9178757972248385
14.592,0.6619943852369252
14.624,0.8140847184836071
14.656,0.7602819317694254
14.688,0.7105806178993265
14.72,0.6422541503982511
14.752,0.8244911629180627
14.752,0.8991215918627862
14.784,0.7917457174275793
14.816,0.6515605460483084
14.848,0.6508232813962136
14.88,0.6110631491977284
14.912,0.6882939813760725
14.944,0.945362324339708
14.976,0.9202096660281116
15.008000000000001,0.8492542002278655
15.040000000000001,0.728807427308568
15.072000000000001,0.7510301610400784
15.104000000000001,0.5471851843850737
15.136000000000001,0.672854452034362
15.168000000000001,0.86844051643305
15.200000000000001,0.775130770526508
15.232000000000001,0.8692404516392515
15.264000000000001,0.8209575085323974
15.264000000000001,0.8553075654072553
15.296000000000001,0.7366946143685686
15.328000000000001,0.8025984416886377
15.36,0.6933147547688552
15.392,0.6826846820273094
15.424,0.8196076331631525
15.456,0.8454305774278175
15.488,0.8176970994730259
15.52,0.7495557582269166
15.552,0.6651962401318472
15.584,0.944406185172816
15.616,0.7720405072132241
15.648,0.7493129046877504
15.68,0.8626935787730683
15.712,0.73629678985865
15.744,0.7020634873644123
15.744,0.5871367472986189
15.776,0.8135177696723619
15.776,0.8524929128957668
15.808,0.8754607877703902
15.84,0.5789838829646596
15.872,0.7134001346608371
15.904,0.8580384025864877
15.936,0.7601345213483872
15.968,0.7296436381964917
16.0,0.7442360179890105
16.032,0.678267924271894
16.064,0.7078121863803853
16.096,0.7088793774357971
16.128,0.7880884228063793
16.16,0.6995350574129389
16.192,0.7290162819559936
16.224,0.7370526917809261
16.256,0.7261152554920988
16.288,0.7158069608236545
16.288,0.641546580785113
16.32,0.6438087834352899
16.352,0.6883668889343244
16.384,0.7063459738705626
16.416,0.5311449343738063
16.448,0.755587973967573
16.48,0.737622811066249
16.512,0.7939935751450322
16.544,0.7114669442576436
16.576,0.6035705017169222
16.608,0.8379794348515387
16.64,0.6516416530740871
16.672,0.8117601750166747
16.704,0.7982930240500935
16.736,0.7684545723366003
16.768,0.8144469580955142
16.768,0.6602823505163459
16.8,0.8685403025347156
16.832,0.7444718954942809
16.864,0.7358841698137365
16.896,0.9149411074938125
16.928,0.8155665670472562
16.96,0.8351720973109613
16.992,0.8274732463327354
17.024,0.7137028527883047
17.056,0.7381293516384473
17.088,0.7498420234422343
17.12,0.8320905411886826
17.152,0.6237871178439761
17.184,0.6425352504979432
17.216,0.6357656036727175
17.248,0.7404441594326655
17.28,0.6368347304698673
17.28,0.8532469435174052
17.312,0.7603970292359377
17.344,0.6236240014480772
17.376,0.8142789433654634
17.408,0.6637915968416577
17.44,0.7719933992270959
17.472,0.8092084519843594
17.504,0.6178041174818594
17.536,0.7536676763872601
17.568,0.7689040006627962
17.6,0.7073210731486211
17.632,0.9939940355590662
17.664,0.733444012495314
17.696,0.5865293192246556
17.728,0.8446849131889195
17.76,0.8098558262016764
17.76,0.8204765453599958
17.792,0.7347165575751353
17.824,0.44452985634567277
17.856,0.7278946260120067
17.888,0.867073601874452
17.92,0.8576777403843041
17.952,0.7157887649347876
17.984,0.7535306505085332
18.016000000000002,0.6769697883558151
18.048000000000002,0.7060347951350459
18.080000000000002,0.7411566568699068
18.112000000000002,0.6891865184186681
18.144000000000002,0.7277181077989783
18.176000000000002,0.8254124551550639
18.208000000000002,0.7972229113403608
18.240000000000002,0.7137504330519306
18.272000000000002,0.77102200776441
18.272000000000002,0.6734328413612091
18.304000000000002,0.8193994006778479
18.336000000000002,0.8215590247877411
18.368000000000002,0.8472840043274311
18.400000000000002,0.8029308083539355
18.432000000000002,0.7382817962412112
18.464,0.7972887603410962
18.496,0.7961635522402669
18.528,0.7465623529117181
18.56,0.496379727812083
18.592,0.7563341002330662
18.624,0.7032353435958558
18.656,0.8839109650523735
18.688,0.8170736316805247
18.72,0.7538549345134222
18.752,0.6556127094961429
18.752,0.6639408135966215
18.784,0.7823727251277526
18.816,0.6706576189495488
18.848,0.7663722763466818
18.848,0.7362105331361807
18.88,0.6705201940690672
18.912,0.6565312677491946
18.944,0.5993672969832331
18.976,0.6357031394084747
19.008,0.846485515020793
19.04,0.6074258558973753
19.072,0.6731093068673102
19.104,0.7951215174786546
19.136,0.7480760541931752
19.168,0.8693256209833076
19.2,0.7110426577773807
19.232,0.9246269605128389
19.264,0.5961307164975899
19.264,0.6609486817256949
19.296,0.8596371195340042
19.328,0.78407299584935
19.36,0.755414735280552
19.392,0.7705170153315166
19.424,0.7007885390645141
19.456,0.7740448969266948
19.488,0.6446946427747755
19.52,0.7204906440750847
19.552,0.5126212362333836
19.552,0.7770423574509228
19.584,0.6565012852479488
19.616,0.735421419604894
19.616,0.8183868303446704
19.648,0.83425467907583
19.648,0.6418003805733596
19.68,0.6605475939739232
19.712,0.8066384325033811
19.744,0.8112974501946482
19.776,0.85771293697463
19.776,0.624072300973256
19.808,0.643732443606695
19.84,0.6667169599429956
19.872,0.8074853956495036
19.904,0.7483984552659255
19.936,0.869647474822464
19.936,0.7943489730182429
19.968,0.6088303393879402
19.968,0.8545195782057119
20.0,0.8939017175814313
20.032,0.6817574510369997
20.032,0.9692209908581347
20.064,0.7479776439808627
20.064,0.8187604124081147
20.096,0.7233627430404344
20.128,0.6940044581480086
20.128,0.8291253264154611
20.16,0.8048447268271105
20.192,0.685308842290206
20.192,0.7466678298373428
20.224,0.7860033222322557
20.224,0.829396801387424
20.256,0.7421326237829731
20.256,0.778846382201944
20.288,0.8057540654039047
20.288,0.7580286391081741
20.32,0.7604607919382228
20.32,0.6753292411629774
20.352,0.96895961380519
20.352,0.7716374075987912
20.384,0.6934146460742343
20.384,0.7815281264343572
20.416,0.8591653903604122
20.416,0.7310948639335467
20.448,0.7043013118962332
20.48,0.7757487459714738
20.512,0.720071120040017
20.512,0.8000303726708247
20.544,0.8379667235982755
20.544,0.8871654071295455
20.576,0.6645472052213091
20.576,0.6264929156808223
20.608,0.9401564867376199
20.64,0.8049416071787977
20.672,0.7588005883520118
20.704,0.6222409310668348
20.736,0.6822245097475645
20.768,0.7077793313606967
20.768,0.6957777583072801
20.8,0.6573004466251126
20.832,0.8905714010600844
20.864,0.7579005715721646
20.896,0.7828733696060379
20.928,0.7302045764494892
20.96,0.6264224447404871
20.992,0.736750841029288
21.024,0.7997662947610251
21.056,0.7500691573401359
21.088,0.7537953660260093
21.12,0.7419937978956291
21.152,0.7871615466797979
21.184,0.7237055501996995
21.184,0.7130889060196911
21.216,0.684522461195758
21.248,0.7392052040343696
21.248,0.6753531856268093
21.28,0.6944340392768591
21.312,0.6006305012286833
21.344,0.7194368909507703
21.376,0.8466188518839735
21.408,0.7044015848815145
21.44,0.6925269512194592
21.472,0.8275376512921919
21.504,0.7434208589127222
21.536,0.7541543330808679
21.568,0.7979682166625256
21.6,0.5514029608765154
21.632,0.5704396331219292
21.664,0.7840199850317471
21.696,0.7880387144226143
21.728,0.630912018697994
21.76,0.7846433338162029
21.76,0.7679304353194522
21.792,0.7335408599076628
21.824,0.8098359063548475
21.856,0.5919536759795618
21.888,0.7506688441138469
21.92,0.6493925840805237
21.952,0.7106217987784964
21.984,0.8314236343425115
22.016000000000002,0.6995080396768751
22.048000000000002,0.7884878235219905
22.080000000000002,0.8084758811074585
22.112000000000002,0.8217315544635667
22.144000000000002,0.7920770588760728
22.176000000000002,0.7733546433398584
22.208000000000002,0.669269338867828
22.240000000000002,0.7941684140842793
22.272000000000002,0.6274932422020939
22.272000000000002,0.8227743532923859
22.304000000000002,0.7238885508112513
22.336000000000002,0.6303273498564654
22.368000000000002,0.8514386931252808
22.400000000000002,0.7897397260089931
22.432000000000002,0.7476513833708482
22.464000000000002,1.0498102424853082
22.496000000000002,0.7910586202915907
22.528,0.6866964593742323
22.56,0.7051758322224589
22.592,0.6915917052091012
22.624,0.752620562057247
22.656,1.0445704457712477
22.688,0.6693681337702276
22.72,0.5949692159472416
22.72,0.6123185757582046
22.752,0.8694769863944682
22.752,0.7877270532735517
22.784,0.6431595435251733
22.816,0.9156701582479367
22.848,0.7642345349249899
22.88,0.8046253256505818
22.912,0.6603354328708735
22.944,0.8605423566258295
22.976,0.6821480254245013
23.008,0.6489107577247706
23.04,0.8301381580283862
23.072,0.9490247605681442
23.104,0.8499706781378971
23.136,0.7643444899043813
23.168,0.895035979623714
23.2,0.712706065221626
23.232,0.7990588621169441
23.264,0.7277862886829412
23.264,0.6694583518440316
23.296,0.6390420326704895
23.328,0.7542770575356134
23.36,0.680537575209175
23.392,0.7156654543119574
23.424,0.7916318574999496
23.456,0.8423365544020978
23.488,0.8381945634534621
23.52,0.8876607725729505
23.552,0.7116966666013341
23.584,0.5190235617449017
23.616,0.7928802851406548
23.648,0.7017692584914497
23.68,0.6603928488136526
23.712,0.6557260828312632
23.744,0.8910812359572089
23.776,0.8475288302327986
23.776,0.843215862555375
23.808,0.8653621181372266
23.84,0.6222804952650833
23.872,0.8308415791703693
23.904,0.8392855768830213
23.936,0.7820084135099005
23.968,0.801005058244808
24.0,0.6861548553755142
24.032,0.8165291094317485
24.064,0.6415948817260743
24.096,0.5636686287588955
24.128,0.7180414063813804
24.16,0.8217259928426425
24.192,0.8474149599866465
24.224,0.7877204894020987
24.224,0.734955348499523
24.224,0.6857515740918294
24.224,0.809105268258104
24.224,0.6040890743035713
24.224,0.9051616308224314
24.224,0.6414724405660699
24.224,0.9059605722792567
24.224,0.6641473151412618
24.224,0.8781482476704734
24.224,0.47976711680343215
24.256,0.6832166214946366
24.256,0.8037737971233094
24.256,0.5873319200091238
24.288,0.6830322130085387
24.288,0.7848776803838197
24.32,0.7921209547362085
24.352,0.7520819353655174
24.384,0.7244341469881217
24.384,0.6588852148959724
24.416,0.732500128166159
24.416,0.6166017405421672
24.448,0.699972550235545
24.48,0.5458855484345533
24.48,0.8472728671792857
24.512,0.8112450098451157
24.544,0.8266021918581778
24.544,0.6787442624550412
24.576,0.7786564838891333
24.608,0.8003151270705231
24.608,0.7241596484277523
24.64,0.7879459014809922
24.672,0.7365260665000195
24.672,0.8388740007356397
24.704,0.7777896138062799
24.736,0.7425021196775625
24.736,0.8067911427011271
24.768,0.7407248103332326
24.768,0.7556983152680057
24.8,0.8663606055758654
24.8,0.5529726563256141
24.832,0.8333962789612387
24.864,0.6278193991668264
24.864,0.8679699380648013
24.896,0.8088678286643441
24.896,0.9437579280447588
24.928,0.7719677105228541
24.928,0.8410388331341168
24.96,0.6978805965341215
24.992,0.735078469743759
24.992,0.6373196232470075
25.024,0.8188823180237126
25.024,0.8760616161461154
25.056,0.6805613294306393
25.056,0.7830714202461567
25.088,0.7229648629414513
25.088,0.829490766455103
25.12,0.7543750780734849
25.12,0.7169136719999666
25.152,0.8750862321276804
25.184,0.9158224115738182
25.184,0.6966912314222626
25.216,0.71188348038132
25.216,0.7236113820245389
25.248,0.6327183805519847
25.248,0.6765920763231315
25.28,0.7035156415691042
25.312,0.7800975387125715
25.312,1.0691408147462529
25.344,0.6448108975610369
25.344,0.8132506693397427
25.376,0.7747215038388241
25.376,0.7925218539890517
25.408,0.763706349044135
25.408,0.6282167965341778
25.44,0.8077132906770161
25.44,0.817548382109794
25.472,0.7099746564683641
25.472,0.784498729457965
25.504,0.8192148182256414
25.504,0.6248569822584901
25.536,0.6440177170123159
25.536,0.7006659987907249
25.568,0.769417905842092
25.568,0.6806374468847318
25.6,0.7224647960368512
25.6,0.7177488100377359
25.632,0.8173007754162634
25.632,0.7481694217058452
25.664,0.685925771022738
25.664,0.581286963450521
25.696,0.6943242051258038
25.696,0.8227363048738917
25.728,0.6799807930143653
25.76,0.8822298160955603
25.76,0.8983693697182281
25.792,0.757289244192457
25.792,0.8137489770934494
25.824,0.8146409002441043
25.824,0.7764526155200067
25.856,0.7979929609370735
25.856,0.7097829722415694
25.888,0.8780114421710159
25.888,0.8245636517579323
25.92,0.7604893569668639
25.92,0.8846888625513469
25.952,0.8759703909162628
25.952,0.7594485679065095
25.984,0.7472493508698332
25.984,0.7358218326498531
26.016000000000002,0.7838980333797345
26.016000000000002,0.913212779088918
26.048000000000002,0.7468876195162806
26.048000000000002,0.709735621865322
26.080000000000002,0.8003691177658022
26.080000000000002,0.8180734620564801
26.112000000000002,0.6729922055248365
26.112000000000002,0.5606844024385702
26.144000000000002,0.5687906101310952
26.144000000000002,0.5353245298382645
26.176000000000002,0.8166705325845164
26.176000000000002,0.83348365361489
26.208000000000002,0.6330300756105962
26.240000000000002,0.5785233672615917
26.240000000000002,0.6898193060702337
26.272000000000002,0.8138543947736397
26.304000000000002,0.7089466781157054
26.336000000000002,0.6266536317400979
26.368000000000002,0.8113159939658089
26.368000000000002,0.7314398504670343
26.400000000000002,0.6536880863870188
26.400000000000002,0.6954536425357303
26.432000000000002,0.8276800759667355
26.432000000000002,0.7242774122270285
26.464000000000002,0.6587090763608168
26.496000000000002,0.6826500702418286
26.496000000000002,0.7043265303495032
26.528000000000002,0.6458099377854996
26.560000000000002,0.8446477862596231
26.560000000000002,0.8512055644650719
26.592000000000002,0.6933015084921963
26.592000000000002,0.7413319885800914
26.624000000000002,0.8396547286258722
26.624000000000002,0.7739504479004905
26.656,0.7371408889267962
26.656,0.7436848769357359
26.688,0.7402139163150615
26.688,0.7812917097219257
26.72,0.8262375996843638
26.752,0.8667566545933975
26.784,0.7299676323950299
26.816,0.7678418416230767
26.816,0.7330676375998174
26.848,0.7520917332790933
26.848,0.7703588341395486
26.88,0.6173455521714919
26.88,0.9473049518473589
26.912,0.6805583483452294
26.944,0.7403566387703051
26.944,0.7006601037771717
26.976,0.6970944283141275
27.008,0.7893798014079668
27.008,0.7086021066250284
27.04,0.6880645224641998
27.072,0.8275366968346924
27.072,0.8209205779056677
27.104,0.7358233337086929
27.104,0.8439096262861702
27.136,0.6368046320872089
27.136,0.617390798010762
27.168,0.8483800766911432
27.2,0.8893199785436109
27.232,0.7322639733398831
27.264,0.7012907032370885
27.296,0.7545534825511552
27.296,0.6763051844949033
27.328,0.6279301545243205
27.36,0.7322022180701324
27.36,0.7359006534740188
27.392,0.6661543259608528
27.424,0.9127513118813386
27.424,0.7339054387200038
27.456,0.692070167312847
27.488,0.8571857426968398
27.488,0.7384248695624149
27.52,0.561327691080979
27.52,0.8495369312833088
27.552,0.7196095686871761
27.584,0.826368364877755
27.616,0.8211544735351852
27.616,0.8332822125412795
27.648,0.891386190083185
27.68,0.7693168434253403
27.712,0.7918816689109737
27.712,0.7454410450863227
27.744,0.5100388590705228
27.776,0.6801166993569204
27.808,0.6853606946723239
27.808,0.7719633365493273
27.84,0.6345696387949855
27.872,0.5865669387990128
27.872,0.7810254690143805
27.904,0.9242772154416146
27.936,0.6670854686728219
27.936,0.6076027202583072
27.968,0.7324835771053756
27.968,0.7926282267206426
28.0,0.6296434690788406
28.0,0.8419247853188718
28.032,0.7357699571308045
28.064,0.6652799426345475
28.064,0.6148621683670301
28.096,0.744865170493336
28.096,0.5611584307985893
28.128,0.6653896375394117
28.128,0.695767271496922
28.16,0.7433196373786383
28.16,0.6802832844390592
28.192,0.7669594856053986
28.192,0.7454487057697741
28.224,0.6202221577500716
28.256,0.9401023062507857
28.256,0.7813532030941512
28.288,0.9788125956598992
28.288,1.0040621236107132
28.32,0.6125712771363022
28.32,0.6465338333739716
28.352,0.6898481229838672
28.352,0.7008171089253153
28.384,0.6396769477249229
28.416,0.7010554401034091
28.448,0.7144072365859591
28.48,0.9007539878613678
28.48,0.6618418496463384
28.512,0.7661387868929641
28.512,0.6086875695903442
28.544,0.8928439688838484
28.544,0.5446971434770091
28.576,0.9216824278980451
28.608,0.8256299352621121
28.64,0.9694100941218042
28.672,0.8388040581245524
28.672,0.7318485346142378
28.704,0.9316079029523956
28.736,0.6041946787257694
28.736,0.7305761940911891
28.768,0.8588901847340362
28.8,0.8166302335603236
28.8,0.749867868282434
28.832,0.8068057762268227
28.832,0.8597561048634147
28.864,0.9330911061220952
28.864,0.8946596236104059
28.896,0.8443068185875224
28.928,0.6690878103840145
28.928,0.8712473932082816
28.96,0.9251113267461091
28.992,0.6913805985310542
28.992,0.8797312984423153
29.024,0.6597441540205592
29.056,0.9185128530827474
29.056,0.732344480946778
29.056,0.8938502612639316
29.088,0.7305415052420682
29.088,0.7194022504843144
29.12,0.7153548413569816
29.12,0.6863742405442597
29.152,0.8833656651740877
29.184,0.860082027465699
29.184,0.7080680411328278
29.216,0.8626924327258976
29.216,0.7459376539254429
29.248,0.603358765309632
29.28,0.8457664102850556
29.28,0.802671178637748
29.312,0.7938084349312868
29.312,0.880848773042794
29.344,0.7672485195797962
29.344,0.6636415538561129
29.376,0.7682888015821174
29.376,0.7695860667442274
29.408,0.6645523845465057
29.408,0.8101993878196563
29.44,0.6686403199481238
29.44,0.7455694900533044
29.472,0.7974608614135172
29.472,0.7214951858720356
29.504,0.7653442705709391
29.536,0.6934166954202521
29.536,0.8191996570756922
29.568,0.8408407113894929
29.568,0.7060622575205647
29.6,0.6606152336108626
29.6,0.8796133616489898
29.632,0.6985377550534643
29.632,0.7727843435578934
29.664,0.7206919004275113
29.696,0.8507849602995073
29.696,0.6392668499781764
29.728,0.6476020094246194
29.728,0.6871690411754842
29.76,0.7599914977283392
29.76,0.7423630355656126
29.792,0.7166854762268547
29.792,0.7907111752814903
29.824,0.8446569379408164
29.856,0.9315672383585013
29.856,0.682601013055089
29.888,0.7990213307456455
29.92,0.5037524147010495
29.92,0.6067958371007431
29.952,0.8779201084359377
29.952,0.8374496504066739
29.984,0.6693417227092406
29.984,0.5964904682298917
30.016000000000002,0.6624586005302102
30.048000000000002,0.6988348734186635
30.048000000000002,0.7620846460067576
30.080000000000002,0.8265793087121922
30.080000000000002,0.5813373112245177
30.112000000000002,0.7341387140039608
30.112000000000002,0.6216384897182021
30.144000000000002,0.6156225132650848
30.144000000000002,0.7313498600611805
30.176000000000002,0.7584495434719393
30.176000000000002,0.8861932456409076
30.208000000000002,0.7551020726539664
30.208000000000002,0.7842459728260346
30.240000000000002,0.9369206880844827
30.240000000000002,0.5724686087030868
30.272000000000002,0.6529687888002714
30.304000000000002,0.9394124896796827
30.304000000000002,0.66787525922324
30.336000000000002,0.8669812385917691
30.336000000000002,0.7868417350054288
30.368000000000002,0.6144427125137194
30.368000000000002,0.8324568504016211
30.400000000000002,0.8083826700673397
30.400000000000002,0.7895295065752053
30.432000000000002,0.8021461312223614
30.464000000000002,0.8229670888339435
30.496000000000002,0.7302108580031385
30.496000000000002,0.7005754902252327
30.528000000000002,0.9003706662609603
30.528000000000002,0.7343694087100008
30.560000000000002,0.8522597540263309
30.560000000000002,0.8466376908770088
30.592000000000002,0.7799245949663397
30.592000000000002,0.6769906694487771
30.624000000000002,0.961027618397646
30.624000000000002,0.7392683153198244
30.656000000000002,0.5448505352161155
30.656000000000002,0.6523922568453585
30.688000000000002,0.7402520043936366
30.72,0.6095588041706602
30.72,0.8015715996715583
30.752,0.6484872839770176
30.784,0.7443489263013127
30.784,0.7934267482811824
30.816,0.7983438252541407
30.848,1.00280477649404
30.848,0.7043459923456482
30.88,0.9687156031055908
30.88,0.9080060614173092
30.912,0.7654254671007491
30.912,0.8203694187541898
30.944,0.7705001932632594
30.976,0.895827650680959
30.976,0.8077840524797146
31.008,0.7733395708805199
31.04,0.8203584563188914
31.04,0.7011080053278573
31.072,0.6438233155950646
31.072,0.6431005916889836
31.104,0.6600485228956621
31.136,0.7275840545877856
31.136,0.6969795188614557
31.168,0.8055727570655193
31.168,0.6654553768295406
31.2,0.6970929714298073
31.232,0.7997084020893883
31.232,0.8704085476648351
31.264,0.7709915882387369
31.296,0.7816465309694218
31.296,0.8367451732768265
31.328,0.845898682742975
31.36,0.8849822895008457
31.36,0.6886327858927671
31.392,0.8521648861533353
31.424,0.8531744224904101
31.424,0.7204743826461967
31.456,0.8028113945787705
31.456,0.7442391854894056
31.488,0.6444721321524884
31.488,0.8776235063035339
31.52,0.8324325228456897
31.52,0.6613354319590354
31.552,0.6606055227954613
31.552,0.6843685915122153
31.584,0.7344402359121729
31.616,0.7807558843316164
31.616,0.8968982132779555
31.648,0.5812677214166391
31.68,0.7840861319512953
31.712,0.6890299953102391
31.744,0.9611456388001893
31.744,0.8292871877861958
31.776,0.6812719680233572
31.808,0.7698790166979014
31.808,0.8133998771810411
31.84,0.7556692107653918
31.84,0.7482445494933487
31.872,0.6831729846223267
31.872,0.6263293405606204
31.904,0.8482847255804069
31.904,0.6689358128480195
31.936,0.8621076694671304
31.936,0.5710850363523807
31.968,0.8483094351329887
31.968,0.763382433251392
32.0,0.7055132122070107
32.0,0.5912902764314837
32.032000000000004,0.9731377180027374
32.032000000000004,0.8266702569730434
32.064,0.9098930337507578
32.064,0.9284108239980833
32.096000000000004,0.844494365784773
32.128,0.6176266814156912
32.128,0.7560908258464727
32.160000000000004,0.6632857442750593
32.160000000000004,0.6107031039905678
32.192,0.9410014690424248
32.192,0.6729049604924978
32.224000000000004,0.7321280548760434
32.224000000000004,0.7077114303833411
32.256,0.7846664207883672
32.256,0.9474427726091873
32.288000000000004,0.7300609228413841
32.288000000000004,0.8665686670699537
